,종목명,시가총액(억 원),부채율(%),배당률(%),PBR,GP/A
089470,HDC현대EP,1658,92.47,3.03,0.39,13.890270180672964
016710,대성홀딩스,3869,130.05,0.23,3.68,10.385969956156114
038070,서린바이오,1076,52.97,1.09,1.16,0.17568569310600446
044960,이글벳,893,27.73,0.73,1.53,0.26958105646630237
278280,천보,18540,107.34,0.23,6.29,0.07939416147550996
318010,팜스빌,716,19.42,0.92,1.36,0.21122994652406418
017650,대림제지,788,20.46,1.14,0.32,0.14352941176470588
094970,제이엠티,657,33.62,4.86,0.5,0.21330441070137382
104700,한국철강,2946,18.68,4.93,0.31,17.417705337168425
014830,유니드,4148,65.19,2.46,0.61,19.290942053313636
173130,오파스넷,1711,237.66,0.59,2.78,0.2162615255658005
049800,우진플라임,719,177.52,1.42,0.69,26.68302945301543
023350,한국종합기술,718,123.59,1.49,0.49,10.76044484520589
017890,한국알콜,2253,24.31,0.51,0.47,0.09690189328743545
121440,골프존뉴딘홀딩스,2193,47.21,3.54,0.29,0.20331086439333862
071840,롯데하이마트,2750,90.24,2.45,0.22,30.78889700511322
213500,한솔제지,2703,197.63,5.28,0.42,25.904977375565615
006890,태경케미컬,1595,13.61,1.86,0.84,13.918757467144562
072990,에이치시티,529,73.94,0.0,0.76,0.19607843137254902
148250,알엔투테크놀로지,564,42.46,0.31,1.59,0.17073170731707318
004170,신세계,20182,129.51,1.7,0.53,35.44088539488723
115500,케이씨에스,994,113.57,2.67,3.44,0.09743589743589744
005090,SGC에너지,4241,252.5,5.49,0.63,9.595992666317443
058610,에스피지,7096,65.97,1.16,1.79,0.2156364662715213
009410,태영건설,1567,483.55,5.58,0.21,5.979228829829066
007590,동방아그로,864,43.56,3.96,0.55,18.198614318706696
041510,에스엠,25356,65.1,1.56,2.6,0.20170881749829117
112290,와이씨켐,1232,71.86,0.87,1.71,0.17571059431524547
001130,대한제분,2382,43.41,1.89,0.24,17.30885922330097
012330,현대모비스,212141,46.55,2.0,0.49,10.80591336426822
038540,상상인,2755,642.17,1.63,0.47,0.02494406626362641
000430,대원강업,2976,68.96,2.95,0.43,8.71931908155186
014710,사조씨푸드,962,46.64,0.88,0.33,6.814941545480467
008730,율촌화학,9213,95.66,0.69,2.71,6.124636349716735
271980,제일약품,2873,193.64,0.24,1.9,34.31823156051653
002810,삼영무역,2485,21.91,4.82,0.49,7.978212111502724
041440,현대에버다임,1284,63.39,0.85,0.82,0.17789941840574752
029960,코엔텍,3590,22.13,6.56,2.11,0.25456292026897215
019770,서연탑메탈,520,71.99,1.13,0.61,0.06646525679758308
009460,한창제지,820,156.33,1.5,0.72,9.325326739667963
043150,바텍,5785,40.63,0.3,1.39,0.40148698884758366
170030,현대공업,1389,51.28,2.75,0.67,0.12445520581113802
000700,유수홀딩스,1731,17.78,6.25,0.47,18.04153172032768
009770,삼정펄프,624,9.23,3.92,0.3,6.832831972496776
009150,삼성전기,101508,42.94,1.61,1.32,20.57978394500418
107590,미원홀딩스,2331,89.57,0.64,1.15,11.46326404610002
101530,해태제과식품,1694,172.29,3.03,0.65,27.469984087950237
086280,현대글로비스,61462,101.72,3.49,0.89,16.583320122786034
010120,LS ELECTRIC,19170,114.47,1.95,1.07,17.963765498976766
003090,대웅,8657,68.73,0.49,1.32,41.66936865996572
263600,덕우전자,1921,84.3,1.02,0.99,0.17110266159695817
033780,KT&G,116149,31.45,5.46,1.19,24.063340839071024
063760,이엘피,395,31.8,1.75,0.44,0.04250295159386069
021650,한국큐빅,503,98.27,2.07,0.59,0.16234996841440302
282690,동아타이어,1687,25.56,8.81,0.41,7.3145025295109605
013890,지누스,5774,78.04,1.51,1.02,30.12199497667743
018250,애경산업,5955,34.45,1.48,1.52,55.615416493990885
048770,TPC,569,164.63,0.77,1.21,0.14854111405835543
035600,KG이니시스,3267,139.9,3.42,0.78,0.18602890571231934
014530,극동유화,1272,71.97,5.51,0.63,19.088077032002264
049070,인탑스,6020,19.03,3.1,0.74,0.23963239517518667
114840,아이패밀리에스씨,1879,44.08,0.51,2.11,0.45643153526970953
079940,가비아,1572,51.81,0.69,1.09,0.3155036654900896
120030,조선선재,1246,6.81,1.5,0.81,10.957960027567196
000480,조선내화,3628,95.93,5.94,0.43,7.38089360651691
004360,세방,3126,27.65,1.01,0.67,9.539422326307573
002760,보락,1018,25.89,0.43,1.99,13.628899835796387
004090,한국석유,1336,111.97,1.07,0.79,17.718236819360413
140860,파크시스템스,9633,39.83,0.35,6.5,0.4874251497005988
066130,하츠,771,38.63,1.35,0.65,0.22213967310549776
215200,메가스터디교육,7330,108.6,2.64,2.23,0.5235989830883165
011200,HMM,96242,25.55,6.14,0.46,40.21829942056326
007860,서연,2176,131.45,1.44,0.3,21.708629223154723
005380,현대차,441043,181.36,4.64,0.5,11.072856486504982
058110,멕아이씨에스,567,27.81,0.51,1.31,0.15552995391705068
012630,HDC,3931,139.87,4.55,0.13,4.697083408814471
023150,MH에탄올,551,369.03,3.29,0.78,9.655789003129192
035150,백산,1836,88.1,1.83,1.07,28.031867807612866
006140,피제이전자,934,53.87,1.78,0.69,0.046875
210540,디와이파워,1280,36.26,2.04,0.56,12.244274809160306
009520,포스코엠텍,8453,39.36,0.46,2.9,0.12273011897307451
319660,피에스케이,5662,33.78,2.6,1.26,0.45133305120609396
147830,제룡산업,847,12.36,4.69,0.86,0.17995169082125603
065530,와이어블,1162,65.97,2.31,1.34,0.05896414342629482
009780,엠에스씨,1020,59.38,0.97,0.82,0.1988689915174364
006110,삼아알미늄,10548,108.9,0.6,3.3,13.39347675225538
009970,영원무역홀딩스,8999,37.71,4.97,0.41,34.131725620195986
000230,일동홀딩스,1367,410.08,0.5,18.52,27.71852538836077
004970,신라교역,1696,28.15,4.42,0.32,9.966499162479062
009070,KCTC,1270,143.84,1.32,0.55,15.949849230280908
090410,덕신하우징,900,53.1,1.06,0.95,0.2393961179007908
036810,에프에스티,4830,60.63,0.64,1.35,0.19883485309017224
007160,사조산업,2175,81.37,0.78,0.44,7.706154637407852
009140,경인전자,387,6.91,1.45,0.55,7.748538011695906
290120,대유에이피,644,163.47,3.71,0.72,0.20309145556032632
045100,한양이엔지,2701,54.88,4.15,0.54,0.16416074357572444
004100,태양금속,807,338.15,0.35,0.52,14.439918533604887
081000,일진다이아,2837,13.51,1.81,0.59,6.908059402636408
052690,한전기술,25492,50.25,0.52,3.77,13.59461114513166
018670,SK가스,12285,149.13,5.63,0.45,11.627627833601975
020120,키다리스튜디오,2488,37.92,0.55,1.25,17.819429778247095
060560,홈센타홀딩스,1802,95.14,0.88,1.03,0.11299435028248588
091120,이엠텍,4454,57.49,0.7,1.39,0.22004830917874396
123410,코리아에프티,943,164.73,3.35,0.46,0.1943669119512814
001460,BYC,2648,29.69,0.82,0.6,10.734040962774705
067280,멀티캠퍼스,2106,69.26,2.27,1.24,0.3409869773817683
049480,오픈베이스,893,69.95,0.56,1.1,0.2846715328467153
090430,아모레퍼시픽,67149,21.39,0.49,1.98,48.21607087455617
003410,쌍용C&E,29475,143.19,7.64,1.81,10.59288129468549
049950,미래컴퍼니,2887,28.65,1.65,1.11,0.3329432416617905
001430,세아베스틸지주,8320,93.66,7.36,0.31,9.056149172428242
004690,삼천리,5437,226.25,0.77,1.08,8.520509757068897
131290,티에스이,4020,31.76,1.35,1.4,0.2280862781092244
049960,쎌바이오텍,1285,7.17,3.54,0.9,0.32728842832469773
054800,아이디스홀딩스,1430,45.66,1.98,0.47,0.2324770642201835
234080,JW생명과학,1928,80.24,4.12,1.31,19.019375247133254
008060,대덕,2185,28.24,6.44,0.36,17.001155826415886
003570,SNT다이내믹스,3252,41.26,5.35,0.42,6.02577873254565
005960,동부건설,1608,171.03,6.89,0.29,8.69317822595941
019010,베뉴지,1038,76.41,1.4,0.34,0.06288294098677846
017510,세명전기,498,11.06,2.34,0.61,0.03734939759036145
055490,테이팩스,2493,33.53,1.72,1.67,21.558704453441297
025880,케이씨피드,464,59.41,1.96,0.69,0.15329218106995884
006260,LS,29849,202.7,2.22,0.55,11.191269180444866
131030,옵투스제약,975,9.46,1.59,0.78,0.2327459618208517
028260,삼성물산,206192,84.52,2.03,0.74,10.239142782058781
003380,하림지주,9912,162.26,1.57,0.31,0.16953048458813777
136490,선진,2066,202.67,1.08,0.52,20.13347330533893
083450,GST,2222,25.07,1.53,0.92,0.47577442414614773
006650,대한유화,9048,17.93,0.58,0.6,-7.8194735403952995
131090,시큐브,465,11.94,2.45,1.01,0.25
240810,원익IPS,14087,28.97,0.81,1.35,0.36756708567353125
002290,삼일기업공사,458,17.41,3.35,0.73,0.08119079837618404
003490,대한항공,83586,212.06,3.27,0.94,13.27932905023502
083550,케이엠,671,38.91,0.78,0.53,0.16937229437229437
035000,지투알,1086,208.55,6.78,0.53,37.518355359765046
117580,대성에너지,2376,165.94,2.74,0.8,13.648891551827441
105740,디케이락,1023,53.33,1.78,0.91,0.17466743782533256
023900,풍국주정,1640,14.75,0.5,1.03,0.11477987421383648
335890,비올,3616,14.38,0.31,4.81,0.5123595505617977
200130,콜마비앤에이치,6558,53.2,1.09,2.08,0.16696385151564272
095340,ISC,6324,33.73,1.91,1.91,0.23549107142857142
007690,국도화학,3933,74.68,3.27,0.44,18.677873390701087
069620,대웅제약,13034,110.91,0.38,2.93,40.875071963154866
281820,케이씨텍,3817,13.46,1.69,0.71,27.1260086902545
024830,세원물산,733,27.64,0.31,0.27,0.10045074050225371
253840,수젠텍,1509,23.28,1.48,1.2,0.2533179457587998
007700,F&F홀딩스,7822,24.44,1.15,0.58,35.5734193763734
035200,프럼파스트,357,10.73,1.39,0.85,0.12254901960784313
039440,에스티아이,1886,49.98,2.09,0.81,0.23593797506840986
003030,세아제강지주,6357,80.33,1.54,0.4,22.614148540074467
111770,영원무역,20050,44.93,3.26,0.74,29.17183622828784
049770,동원F&B,6174,134.41,2.23,0.69,41.767630448424
081580,성우전자,453,46.29,1.93,0.36,0.1141609482220836
013580,계룡건설,1522,218.91,2.75,0.22,10.50390625
199820,제일전기공업,1217,41.09,2.11,0.88,0.11268436578171091
357780,솔브레인,16607,16.97,0.92,2.16,0.3185367418975292
006570,대림통상,512,113.86,0.84,0.67,19.848661233993013
007980,태평양물산,754,258.16,1.75,0.41,25.88740987243483
004490,세방전지,7602,34.59,1.42,0.48,12.468694096601073
373200,하인크코리아,899,101.47,0.94,6.96,0.11301369863013698
356860,티엘비,1794,46.84,1.6,1.65,0.28441479684657367
095500,미래나노텍,6760,103.86,0.4,1.85,0.12397540983606557
079370,제우스,2865,119.32,1.36,0.96,0.2252163971909195
145990,삼양사,4651,92.66,3.24,0.31,14.029020884187688
068330,일신바이오,935,8.61,0.45,1.22,0.1794871794871795
126720,수산인더스트리,3121,24.65,2.73,0.69,12.803187803187804
130660,한전산업,2572,64.45,2.68,2.89,27.313054499366284
131220,대한과학,510,33.82,0.88,1.33,0.3630252100840336
005010,휴스틸,3680,32.69,6.9,0.31,26.840185676392576
217190,제너셈,949,96.96,1.47,1.11,0.30303030303030304
004780,대륙제관,697,41.95,2.33,0.52,0.14146868250539957
001040,CJ,25646,172.03,2.97,0.56,23.276755582457856
067310,하나마이크론,7149,188.61,0.54,1.41,0.12221433640880057
015750,성우하이텍,7944,152.59,2.14,0.32,0.0886960318759893
353200,대덕전자,9908,39.39,2.12,1.14,24.911897969457964
000640,동아쏘시오홀딩스,5364,73.38,1.48,0.65,17.002598902685534
011330,유니켐,1261,212.48,1.65,0.72,4.460795585191998
088130,동아엘텍,1018,44.94,3.11,0.38,0.1429503916449086
038110,에코플라스틱,2422,418.16,1.9,0.57,0.12073005302750031
161890,한국콜마,9175,99.62,1.17,1.47,15.98199979545222
010950,S-Oil,80384,131.19,6.59,1.15,21.182780896441663
064760,티씨케이,11371,15.27,1.8,2.65,0.314047866805411
072950,빛샘전자,383,22.65,0.87,0.52,0.10778443113772455
016250,SGC이테크건설,803,295.24,4.08,0.37,0.08032871083718542
054450,텔레칩스,2394,82.81,1.18,0.9,0.1824629271437782
053350,이니텍,781,5.36,0.57,0.57,0.05853658536585366
021320,KCC건설,1217,165.86,2.22,0.31,0.04665720724480427
014440,영보화학,777,13.89,1.46,0.43,11.252771618625278
241790,오션브릿지,1356,32.87,3.16,1.34,0.25872093023255816
036710,심텍홀딩스,1370,123.75,1.76,0.62,0.31671844111832814
141000,비아트론,1204,15.37,1.74,0.6,0.14680306905370843
003830,대한화섬,1497,17.2,0.64,0.21,1.7447418738049714
214680,디알텍,1384,101.84,0.0,1.45,0.3336092715231788
043650,국순당,1159,8.32,3.13,0.5,0.1422379826635146
272290,이녹스첨단소재,7275,22.0,1.49,1.52,0.3293813321836603
034590,인천도시가스,1139,111.57,4.48,0.59,16.16639092413141
001520,동양,2532,25.53,4.0,0.26,8.387555917039446
051900,LG생활건강,88555,33.54,0.55,2.36,55.00965369921538
039290,인포뱅크,1129,38.64,0.21,1.33,0.1728395061728395
007820,에스엠코어,1418,56.4,1.23,1.59,0.0746132848043676
272550,삼양패키징,2837,77.96,4.02,0.82,11.142234671646436
005440,현대지에프홀딩스,2517,45.05,3.12,0.35,20.118677592540266
026960,동서,20687,5.33,3.61,1.3,5.018735794581977
090470,제이스텍,1268,26.81,2.59,0.75,0.30530740935365214
035510,신세계 I&C,2600,32.7,3.64,0.58,16.11099606543798
005720,넥센,2232,121.8,2.68,0.21,10.683534663309992
017900,광전자,1474,8.89,2.29,0.52,9.519967728922953
002840,미원상사,7881,21.58,0.9,2.34,26.034648700673724
036890,진성티이씨,2394,92.22,2.28,1.31,0.30518996771790413
024720,한국콜마홀딩스,2689,49.25,1.9,0.5,8.636041289102515
212560,네오오토,730,59.74,1.52,0.54,0.1092436974789916
183300,코미코,4273,50.5,2.32,1.66,0.3261990716864363
036480,대성미생물,631,67.65,0.73,1.01,0.07373271889400922
015860,일진홀딩스,2210,74.7,3.93,0.42,11.462076792131644
112610,씨에스윈드,31965,92.45,0.73,3.16,7.653835347007587
002920,유성기업,825,30.5,4.49,0.24,4.613583138173302
111110,호전실업,743,133.26,3.7,0.52,30.211958241062952
025820,이구산업,1600,165.08,1.6,0.82,6.168446026097272
237690,에스티팜,15517,67.3,0.57,4.88,0.15577361135447695
339770,교촌에프앤비,2225,70.17,2.17,1.29,29.311475409836063
137950,제이씨케미칼,1690,115.24,2.41,0.99,0.19188311688311688
005950,이수화학,11603,193.0,2.75,1.6,12.658867098729063
041920,메디아나,722,14.86,0.93,0.95,0.2263056092843327
006040,동원산업,25141,142.78,2.23,0.78,21.125304480824788
046440,KG모빌리언스,2345,49.87,3.9,0.68,0.1952762547448334
226320,잇츠한불,3423,6.63,0.84,1.06,15.076100370218018
014570,고려제약,713,11.57,2.3,1.0,0.36507936507936506
347740,피엔케이피부임상연구센타,975,5.27,1.15,1.29,0.15033557046979865
002450,삼익악기,1123,100.1,3.89,0.42,12.86426380368098
007340,DN오토모티브,8025,305.79,3.9,0.73,15.957400470424252
003480,한진중공업홀딩스,1157,444.19,2.57,0.32,6.337675350701402
011560,세보엠이씨,978,140.99,6.58,0.43,0.1267255035075809
155660,DSR,827,80.26,1.08,0.44,17.192212777625446
119610,인터로조,4909,39.45,2.13,1.8,0.22896133434420016
337930,브랜드엑스코퍼레이션,1457,40.44,2.52,1.78,1.1199649737302977
265520,AP시스템,2955,102.86,1.47,1.01,0.25980660463419086
160980,싸이맥스,1363,46.69,2.59,0.8,0.16946902654867257
215360,우리산업,1633,177.83,1.14,1.44,0.05709487825356843
005670,푸드웰,533,99.97,1.67,0.58,0.11963775023832221
140070,서플러스글로벌,1333,97.5,1.43,0.68,0.15933767643865362
092780,동양피스톤,645,200.55,1.25,0.52,10.873630777451242
229640,LS전선아시아,2137,220.59,3.43,1.48,10.519044799684231
222800,심텍,8632,106.71,1.89,1.38,0.38000473821369346
142210,유니트론텍,811,167.96,2.65,0.75,0.19573643410852712
090150,아이윈,673,126.79,2.78,0.65,0.140607424071991
035080,그래디언트,2458,100.56,1.34,0.38,0.08765683282468634
001880,DL건설,3056,74.91,1.68,0.35,9.04511106022441
064820,케이프,1205,884.54,2.26,0.69,0.03430951563036757
016450,한세예스24홀딩스,1860,144.97,5.41,0.44,35.16936671575847
013120,동원개발,3210,39.8,4.68,0.3,0.08807531380753138
217500,러셀,1245,41.32,1.14,1.55,0.1211734693877551
066310,큐에스아이,897,5.81,1.06,1.07,0.08372093023255814
237880,클리오,4138,28.11,1.23,1.45,0.5530955309553095
091990,셀트리온헬스케어,119560,116.05,0.22,4.18,0.1261168230593095
332370,아이디피,509,13.56,3.3,1.19,0.36568457538994803
006620,동구바이오제약,1733,68.51,1.79,1.6,0.6856478791400349
260970,에스앤디,684,19.5,1.9,0.82,0.1864951768488746
218410,RFHIC,5799,53.76,0.45,2.04,0.08113247411789562
042670,HD현대인프라코어,19381,189.7,3.0,0.97,21.2721937213672
006360,GS건설,18057,216.39,6.15,0.37,7.592083367755184
272210,한화시스템,26524,95.43,2.37,0.98,6.419809407948095
037330,인지디스플레,910,129.56,3.04,0.39,0.1071502590673575
253590,네오셈,1195,110.04,1.04,1.91,0.21559633027522937
015360,예스코홀딩스,1968,187.06,7.94,0.36,9.789459568190962
211270,AP위성,2683,28.06,0.7,1.64,0.14089661482159194
013360,일성건설,1188,243.03,0.23,0.96,8.90394386644084
032850,비트컴퓨터,1098,17.68,0.99,1.59,0.16150740242261102
071090,하이스틸,812,96.34,0.61,0.45,9.81196581196581
006730,서부T&D,4869,152.9,0.63,0.68,0.025753981701118266
077500,유니퀘스트,2653,75.58,2.42,0.64,12.62485672179466
068760,셀트리온제약,32304,68.09,0.0,7.18,0.18792729698182425
044450,KSS해운,1833,308.38,3.78,0.52,5.116923818707811
001790,대한제당,3161,126.79,4.72,0.46,10.799507995079951
120110,코오롱인더,11626,119.66,3.16,0.48,24.672274506537853
083420,그린케미칼,2390,60.56,2.4,1.83,15.717192268565617
023160,태광,4650,13.31,1.06,0.87,0.12508417508417508
383310,에코프로에이치엔,9596,112.85,1.32,7.71,0.37696903856599673
016580,환인제약,3020,10.61,1.7,0.95,26.74607471575528
093370,후성,12171,124.84,0.19,2.75,17.776825872777895
034300,신세계건설,730,265.01,3.02,0.23,6.90421011973735
000490,대동,2651,263.09,0.77,0.94,18.30435289998833
002710,TCC스틸,8571,143.04,1.28,1.16,15.527093596059114
038390,레드캡투어,1538,222.66,4.72,0.82,0.35745296671490595
001940,KISCO홀딩스,3486,16.02,3.83,0.24,15.32346333314131
002960,한국쉘석유,2977,52.57,7.71,2.69,50.66744051073708
122900,아이마켓코리아,3312,198.64,5.94,0.88,12.86530612244898
079550,LIG넥스원,17226,222.16,1.63,2.16,10.840774056494174
098120,마이크로컨텍솔,542,16.96,1.54,0.88,0.23734729493891799
014680,한솔케미칼,23747,47.02,1.13,2.55,21.20003191574244
019990,에너토크,839,16.53,0.5,2.15,0.15087040618955513
067900,와이엔텍,1494,40.7,0.59,0.76,0.1376734258271078
004150,한솔홀딩스,1314,21.09,3.67,0.24,8.29531314807134
005800,신영와코루,1000,17.39,1.35,0.28,28.745890089243776
051360,토비스,1960,109.91,1.05,0.83,0.15944931163954942
060380,동양에스텍,436,78.78,2.55,0.5,0.14146341463414633
005850,에스엘,15188,71.84,2.61,0.65,15.878701050620823
016740,두올,1013,133.22,3.27,0.42,17.28688879273042
079170,한창산업,744,21.45,2.28,0.74,0.1611185086551265
019680,대교,2380,64.87,1.15,0.53,15.269236538173093
028300,HLB,42912,38.38,0.0,5.37,0.06843791998345912
093320,케이아이엔엑스,2737,23.68,1.1,1.8,0.22441742654508612
060480,국일신동,333,8.88,1.98,0.58,0.032567049808429116
290690,소룩스,616,57.85,0.78,1.22,0.12134502923976608
035810,이지홀딩스,2042,160.96,2.67,0.32,0.15570530437074126
298540,더네이쳐홀딩스,3919,77.51,1.25,1.68,0.5967201551754541
000100,유한양행,43607,23.16,0.67,2.03,20.956848788773407
009240,한샘,11366,146.88,1.79,1.41,39.93816495407839
099430,바이오플러스,3655,27.45,1.01,3.72,0.23071672354948805
041930,동아화성,1537,94.92,1.38,0.92,0.16263100831225152
038290,마크로젠,2168,54.8,1.57,1.02,0.19136022848982506
002350,넥센타이어,8506,147.1,1.63,0.4,10.939837233476156
031330,에스에이엠티,3029,94.85,8.55,0.73,0.1698408186469585
004380,삼익THK,2916,110.73,2.53,1.18,12.297297297297298
071280,로체시스템즈,1147,28.05,0.63,1.15,0.2907324364723468
002310,아세아제지,3148,28.68,2.54,0.44,20.543047637452894
033160,엠케이전자,3018,113.28,0.89,0.61,0.04976958525345622
100840,SNT에너지,1685,68.25,4.29,0.52,5.1419264774313636
104460,디와이피엔에프,3085,96.74,0.25,3.86,0.011887779362815026
138490,코오롱플라스틱,4039,51.35,2.06,1.3,26.046511627906977
264850,이랜시스,775,43.69,2.08,1.65,0.16612377850162866
023910,대한약품,1716,22.88,2.12,0.8,0.2176895306859206
001060,JW중외제약,5434,178.16,1.98,1.79,45.85987261146497
067630,HLB생명과학,11324,74.44,0.0,4.59,-0.007285089849441476
263690,디알젬,1347,72.08,2.99,1.57,0.2896606156274665
005680,삼영전자,1962,3.37,3.23,0.36,6.730947524568885
072470,우리산업홀딩스,874,116.46,1.06,0.64,0.10726729716276755
096760,JW홀딩스,2447,247.35,3.35,1.83,34.54561161022806
251970,펌텍코리아,2585,23.46,2.19,0.95,0.15336266499057197
347890,엠투아이,1614,8.57,3.14,1.83,0.2698612862547289
032080,아즈텍WB,400,29.13,1.08,0.36,0.06830985915492958
150900,파수,910,59.46,1.1,3.16,0.5377176015473888
099390,브레인즈컴퍼니,753,9.51,0.89,1.23,0.2648305084745763
018880,한온시스템,51725,283.94,4.45,1.93,9.310018903591683
005160,동국산업,3515,57.76,3.55,0.48,0.08081847279378143
005750,대림B&Co,576,113.72,2.92,0.4,12.470379146919433
006390,한일현대시멘트,3357,78.39,3.43,0.93,15.282699121861038
005820,원림,533,18.07,1.7,0.41,9.24072984108299
080520,오디텍,634,9.79,2.28,0.4,-0.0029498525073746312
090850,현대이지웰,1579,119.44,1.17,1.76,0.2986627043090639
067830,세이브존I&C,1157,23.58,1.2,0.22,11.698047419804743
136480,하림,3329,202.17,0.74,0.96,0.23411738843701912
003800,에이스침대,3548,11.52,3.7,0.64,0.30897155361050327
103140,풍산,11588,84.3,2.97,0.51,13.607045032839512
037560,LG헬로비전,3248,128.29,2.73,0.54,69.50280112044818
033100,제룡전기,2512,24.09,1.33,2.55,0.36860068259385664
069510,에스텍,906,82.41,3.64,0.59,0.16981132075471697
036580,팜스코,1395,340.23,1.28,0.52,14.22498364944408
215000,골프존,7530,57.98,3.99,1.85,0.6169635284139101
006200,한국전자홀딩스,516,35.84,5.0,0.31,15.348539756981456
015890,태경산업,2402,48.52,4.63,0.63,23.855999999999998
016090,대현,991,22.67,5.02,0.4,62.64696002687269
025860,남해화학,4302,72.97,1.18,0.81,19.29338797208993
263770,유에스티,989,26.58,3.21,1.06,0.2255125284738041
333050,모코엠시스,343,43.01,0.95,1.76,0.2518518518518518
001630,종근당홀딩스,2555,72.36,2.64,0.49,29.003196745132232
100030,인지소프트,689,21.79,4.04,1.07,0.18524590163934426
322780,코퍼스코리아,935,194.7,0.36,1.97,0.11332858161083392
019180,티에이치엔,828,306.14,1.43,0.72,19.22455573505654
010770,평화홀딩스,580,355.85,4.0,0.54,11.335959885386819
227840,현대코퍼레이션홀딩스,1037,32.1,4.83,0.41,12.293144208037825
214450,파마리서치,9942,28.63,0.94,2.03,0.29617234888098726
290650,엘앤씨바이오,6986,85.24,0.22,5.02,0.13520280420630945
002220,한일철강,914,94.32,1.07,0.43,3.9799528301886795
002020,코오롱,2588,287.68,2.51,0.31,15.309882747068675
003850,보령,5996,72.8,1.1,1.15,34.42402510085164
000660,SK하이닉스,634818,64.12,1.6,0.83,15.045416692740549
067370,선바이오,1452,79.95,0.45,5.7,0.1048951048951049
003120,일성신약,3737,10.96,23.7,0.42,5.643203883495146
005930,삼성전자,3826630,26.41,2.61,1.09,25.018615173791797
214430,아이쓰리시스템,1488,44.07,1.08,1.6,0.13415710503089143
002030,아세아,3257,70.66,2.85,0.29,14.14027149321267
285130,SK케미칼,12612,45.66,2.05,0.66,15.589122335707225
006090,사조오양,771,66.65,1.5,0.37,10.518648018648019
005610,SPC삼립,6402,232.91,2.38,1.4,40.16519993824301
068930,디지털대성,1801,48.57,2.99,1.19,0.37286063569682154
079000,와토스코리아,397,6.31,3.78,0.49,0.06038647342995169
000440,중앙에너비스,1143,7.82,1.64,1.78,0.18454258675078863
023410,유진기업,2651,116.56,4.73,0.3,0.07806343577620173
054050,농우바이오,1413,30.89,2.31,0.56,0.21075137446548564
273640,와이엠텍,2335,7.2,1.94,3.62,0.3108320251177394
023590,다우기술,8372,849.42,3.13,0.37,2.652659358505887
069260,TKG휴켐스,9218,27.18,5.0,1.03,16.698534098151686
036200,유니셈,2244,17.7,1.78,0.85,0.21133361738389433
002320,한진,2974,166.77,2.85,0.22,5.272158702237858
036930,주성엔지니어링,7338,71.9,1.82,1.04,0.29708318329132155
088790,진도,357,24.02,2.66,0.32,23.606811145510836
044340,위닉스,1894,103.41,3.57,0.85,0.18657261007054246
016590,신대양제지,2502,34.57,1.45,0.59,13.646127755794236
047050,포스코인터내셔널,47587,184.58,4.42,0.7,12.524468093605936
053160,프리엠스,483,10.15,0.74,0.68,0.09291338582677165
025950,동신건설,1037,26.47,1.2,1.18,0.04589585172109444
016380,KG스틸,9160,80.54,2.03,0.44,14.612485662788794
001740,SK네트웍스,10444,287.61,3.1,0.4,12.608297453496572
004270,남성,753,126.91,1.3,0.57,9.734513274336283
093050,LF,5108,55.96,4.4,0.31,45.290247678018574
078070,유비쿼스홀딩스,2481,12.8,1.52,1.25,0.1594957522608934
234690,녹십자웰빙,1379,56.24,1.22,1.52,0.40279627163781623
002230,피에스텍,847,17.13,5.32,0.52,0.06310367031551835
003160,디아이,1924,68.07,2.11,0.85,23.92571012381646
065370,위세아이텍,1174,75.18,1.36,2.13,0.14081632653061224
267270,HD현대건설기계,12214,106.84,2.81,0.8,17.45635910224439
024940,PN풍년,684,17.74,0.31,1.72,0.30642201834862387
119850,지엔씨에너지,863,45.9,1.4,0.5,0.08196721311475409
115390,락앤락,2916,17.68,31.15,0.52,29.38602681721948
072870,메가스터디,1415,18.57,9.68,0.4,0.15874195146111936
034730,SK,120557,170.87,2.65,0.6,7.7627465285114745
035900,JYP Ent.,33474,35.02,0.54,7.7,0.3809292143030893
017480,삼현철강,818,18.43,6.16,0.4,0.12929112795363354
033290,코웰패션,4026,115.1,4.31,0.77,0.27379168227800676
058470,리노공업,19662,7.77,1.93,4.78,0.29087488240827847
037350,성도이엔지,631,95.78,2.24,0.26,0.03568580542264753
002870,신풍,349,36.52,4.35,0.45,1.2455516014234875
001810,무림SP,518,50.39,0.58,0.28,0.01118925831202046
318000,KBG,1486,23.26,1.75,1.33,0.16937354988399073
011070,LG이노텍,66504,129.58,1.64,1.4,24.244404509067145
019440,세아특수강,1405,97.18,5.83,0.43,10.141987829614605
078600,대주전자재료,13715,171.68,0.14,8.16,0.11161939615736505
101170,우림피티에스,916,10.49,1.72,0.89,0.1407563025210084
003300,한일홀딩스,3447,59.64,7.41,0.23,10.3671970624235
008490,서흥,3383,97.23,1.19,0.89,14.820811744386875
065350,신성델타테크,3119,192.72,1.54,1.29,0.14319847085058937
265560,영화테크,1200,42.8,0.56,1.68,0.12300123001230012
012750,에스원,21545,36.29,4.22,1.34,28.477140241846122
084370,유진테크,6301,25.18,1.22,1.5,0.34953917050691247
067170,오텍,914,330.17,2.31,0.75,0.2242027800490597
200880,서연이화,5338,155.04,1.91,0.29,23.40568823498938
140910,에이리츠,164,166.67,4.88,0.52,0.4479283314669653
248170,샘표식품,1327,54.07,0.58,0.7,38.50984870111333
140520,대창스틸,583,43.76,5.24,0.39,0.07503126302626094
069960,현대백화점,12099,89.55,2.2,0.29,27.651976502365507
011790,SKC,35520,185.17,1.24,1.69,7.824060315027139
009270,신원,1510,126.21,6.47,0.6,47.226034110958636
104830,원익머트리얼즈,3296,30.91,2.82,0.8,0.25060034305317325
036830,솔브레인홀딩스,5702,42.94,0.71,0.43,0.09660806251109927
053700,삼보모터스,1442,227.73,1.0,0.36,0.1509543088490457
008260,NI스틸,1939,111.19,2.23,0.68,22.57171615500755
023810,인팩,1048,198.67,2.7,0.58,18.214980544747082
054040,한국컴퓨터,688,23.3,6.1,0.5,0.1809462915601023
378850,화승알앤에이,866,356.04,1.39,0.74,23.024136299100807
001120,LX인터내셔널,11976,154.21,8.84,0.57,23.777691410804508
078000,텔코웨어,895,18.43,6.86,0.58,13.096139288417866
009440,KC그린홀딩스,842,207.32,1.77,0.38,11.249842350863917
093190,빅솔론,1250,18.45,5.71,0.68,0.24055829228243022
038010,제일테크노스,792,118.73,1.76,0.71,0.18820984315846404
002460,화성산업,1001,109.03,4.76,0.28,6.433453960595094
051380,피씨디렉트,548,102.14,3.77,1.36,0.15673289183222958
037230,한국팩키지,745,176.7,1.46,1.07,0.11260775862068965
092300,현우산업,976,119.58,2.27,0.88,0.09679012345679013
054210,이랜텍,3062,133.43,1.33,1.26,0.23509060955518946
089980,상아프론테크,4572,81.61,0.74,2.29,0.1199404761904762
054930,유신,930,98.92,2.33,0.88,0.25011452130096196
020400,대동금속,294,115.7,0.67,0.61,0.09801980198019802
252500,세화피앤씨,458,9.62,0.78,1.43,0.4987714987714988
056190,에스에프에이,13788,36.28,2.39,1.13,0.13405703007323533
002900,TYM,3793,133.85,2.08,1.27,35.00831095767805
021240,코웨이,36198,88.8,2.33,1.74,56.96318526494238
000390,삼화페인트,1765,95.91,4.25,0.49,20.45299727520436
382840,원준,3436,41.17,1.21,2.23,0.11125238397965671
078930,GS,36794,105.74,5.71,0.33,23.597526103849397
059210,메타바이오메드,533,90.85,0.87,0.87,0.24112303881090008
094820,일진파워,2117,51.93,2.75,1.44,0.1458551941238195
298050,효성첨단소재,18815,267.04,4.5,2.11,17.787167342488157
017370,우신시스템,586,213.74,0.94,0.6,13.061946902654867
027410,BGF,3948,11.6,2.56,0.26,6.790505675954591
003310,대주산업,803,52.53,1.66,1.08,0.1522359657469077
290740,액트로,719,44.61,1.67,0.85,0.01956521739130435
003550,LG,139054,12.96,3.84,0.49,7.872118567711761
078340,컴투스,8273,43.23,2.18,0.62,0.20645566967092852
023800,인지컨트롤스,1517,194.3,2.86,0.54,12.901631240731588
004370,농심,23448,31.07,1.4,0.91,29.64378686525851
000240,한국앤컴퍼니,11876,11.55,4.66,0.34,7.9548096145799425
134790,시디즈,749,34.11,1.02,1.17,60.16451233842538
007370,진양제약,745,47.53,2.3,0.94,0.3994755244755245
123700,SJM,703,29.96,2.38,0.37,16.48170982326346
005290,동진쎄미켐,15604,96.11,0.43,2.21,0.24507021756530598
000210,DL,10006,155.76,1.69,0.33,8.248703810385976
094480,갤럭시아머니트리,2412,193.67,1.08,1.41,0.11065088757396449
020710,시공테크,837,31.06,0.48,0.65,0.020282728948985862
178920,PI첨단소재,9514,46.14,2.7,2.49,15.931863727454909
075580,세진중공업,3615,163.61,2.91,1.7,8.59006886553099
094280,효성ITX,1464,168.93,5.54,2.32,30.59954751131222
382480,지아이텍,1672,38.38,1.08,2.14,0.19528178243774574
031980,피에스케이홀딩스,1975,16.39,7.3,0.5,0.12941534713763703
010660,화천기계,826,25.31,0.95,0.53,11.833952912019827
087600,픽셀플러스,632,12.07,0.65,0.6,0.18756585879873552
005250,녹십자홀딩스,7571,82.61,1.76,0.8,19.442665850059853
158430,아톤,859,68.2,0.46,1.31,0.24873949579831933
118990,모트렉스,5021,188.32,1.81,1.85,0.25270829229860153
011390,부산산업,757,64.11,0.34,1.32,15.664439495174461
020000,한섬,6416,26.05,2.77,0.49,56.09307295067371
000910,유니온,1203,115.46,2.66,0.61,9.226269609146504
006280,녹십자,14818,61.21,1.35,1.11,23.037022371807563
048910,대원미디어,1918,51.54,0.72,1.76,0.2719708788351534
063170,서울옥션,2365,56.52,0.57,2.44,0.092125579001544
102120,어보브반도체,1712,91.56,2.47,1.09,0.17013574660633485
040420,정상제이엘에스,1139,28.15,7.42,1.3,0.2708124373119358
078140,대봉엘에스,870,25.39,0.63,0.76,0.13433637829124126
013570,디와이,1484,70.72,2.26,0.4,10.9859482057833
038950,파인디지털,541,13.66,1.11,0.46,0.26831588962892483
092870,엑시콘,1026,17.15,1.1,0.66,0.17629716981132076
039570,HDC랩스,2107,46.85,5.92,0.68,14.061683220073185
200670,휴메딕스,2980,63.28,1.81,1.66,0.2408630559225011
052260,현대바이오랜드,1888,36.21,0.52,1.56,0.20272572402044292
006660,삼성공조,1011,19.23,0.82,0.31,6.316812439261418
256630,포인트엔지니어링,1180,31.16,0.51,1.4,0.08797653958944282
001390,KG케미칼,4624,115.43,2.43,0.36,15.59031209269683
037460,삼지전자,1483,99.43,5.4,0.43,0.1463954893274265
024070,WISCOM,449,14.15,1.86,0.37,5.603112840466927
093520,매커스,1729,206.94,1.52,1.14,0.16154919748778787
009470,삼화전기,1369,56.22,2.19,1.34,28.612508986340764
377330,이지트로닉스,835,15.27,1.2,1.33,0.055714285714285716
009160,SIMPAC,3958,60.93,4.27,0.48,18.195005698891308
001800,오리온홀딩스,10179,23.69,4.56,0.44,21.68868331308063
060370,KT서브마린,1807,7.02,0.61,1.12,0.0024937655860349127
068400,SK렌터카,3877,547.25,2.25,0.59,29.89527229204069
075970,동국알앤에스,839,59.26,2.5,0.74,0.1485148514851485
014620,성광벤드,3789,11.74,0.75,0.8,0.11420982735723771
003650,미창석유,1181,11.27,3.43,0.38,16.204869857262803
007310,오뚜기,18355,83.3,1.89,0.89,14.031598408874446
180640,한진칼,27672,51.98,0.45,1.02,1.9692983576409286
120240,대정화금,1252,18.53,2.49,0.79,0.12255466052934408
036640,HRS,982,9.79,3.85,0.79,0.1710863986313088
092730,네오팜,1780,9.24,3.65,1.09,0.37540244687701224
403870,HPSP,19275,33.55,0.28,5.56,0.4220007665772327
014970,삼륭물산,708,88.67,1.57,1.2,0.04888888888888889
089010,켐트로닉스,3432,215.38,1.51,1.3,0.19808306709265175
009680,모토닉,3092,7.76,4.98,0.59,6.313294548588666
208140,정다운,808,80.5,4.68,0.75,0.2357100766057749
300120,라온피플,1304,60.77,1.02,1.87,0.1793416572077185
187870,디바이스이엔지,1182,25.23,1.52,0.71,0.10635769459298872
054950,제이브이엠,2671,46.54,1.47,1.36,0.22097539922313336
001540,안국약품,1065,44.77,2.39,0.75,0.5640911121036177
098460,고영,8719,28.35,1.1,2.66,0.4511105437835078
230360,에코마케팅,3566,45.01,2.15,2.45,0.8214401033257992
032300,한국파마,2168,118.92,0.23,3.9,0.27043544690603516
377740,바이오노트,5629,9.8,5.71,0.55,19.396698918611268
290270,휴네시온,374,18.46,0.94,1.12,0.3145539906103286
000050,경방,2853,65.34,1.16,0.38,10.10974925899223
053290,NE능률,713,31.58,1.59,0.73,0.4297153024911032
298020,효성티앤씨,17830,185.04,2.86,1.24,10.002546355239703
405100,큐알티,1478,43.4,4.0,1.38,0.1970509383378016
216050,인크로스,1746,123.58,2.56,1.56,0.1198818066694808
005810,풍산홀딩스,3554,18.48,4.59,0.3,9.476723836191809
296640,이노룰스,475,10.82,1.14,1.58,0.276657060518732
126560,현대퓨처넷,3482,8.32,3.59,0.37,5.189555337047962
383220,F&F,53093,66.48,1.11,5.88,81.27627053878487
024120,KB오토시스,722,103.37,4.1,0.42,0.07387475538160469
138080,오이솔루션,1730,27.27,1.14,1.24,0.12879191059073974
247540,에코프로비엠,222498,126.73,0.49,6.53,0.15298441111967281
263860,지니언스,1037,24.62,1.82,1.48,0.38023450586264657
333620,엔시스,1283,49.97,0.6,1.88,0.12066905615292713
063570,한국전자금융,1850,183.25,2.4,0.75,0.5231974292026511
002800,신신제약,750,103.61,0.9,1.42,0.25
102710,이엔에프테크놀로지,2929,69.09,0.74,0.76,0.20443907594745583
035890,서희건설,2982,113.8,3.98,0.34,0.1719678217821782
002360,SH에너지화학,873,31.94,1.22,0.95,8.856682769726248
004000,롯데정밀화학,15944,18.12,6.17,0.64,19.38888478854528
241560,두산밥캣,49723,84.07,3.9,0.69,21.06850914752822
381970,케이카,6669,117.38,6.58,2.26,37.4251497005988
004840,DRB동일,940,97.02,0.98,0.22,15.446466356326704
003220,대원제약,3237,82.32,1.87,1.55,52.46913580246913
066620,국보디자인,1260,87.67,2.45,0.79,0.18756855575868372
058650,세아홀딩스,4528,97.03,3.7,0.21,7.447635135135135
155650,와이엠씨,1176,22.99,4.42,0.95,0.25193525686136525
004020,현대제철,46505,92.39,3.27,0.22,7.700062498301677
030720,동원수산,398,94.64,2.88,0.65,17.48768472906404
053690,한미글로벌,3177,91.66,2.04,1.59,33.20825515947467
244920,에이플러스에셋,1045,85.5,4.13,0.75,39.328120474949316
050890,쏠리드,3281,89.77,0.86,1.53,0.24867603039373704
072020,중앙백신,1124,20.52,0.91,1.1,0.16362053959965187
131180,딜리,428,20.12,2.93,0.66,0.15121255349500715
044780,에이치케이,347,45.84,1.54,0.61,0.22041763341067286
197140,디지캡,514,17.61,0.75,0.83,0.1452513966480447
195940,HK이노엔,9334,54.88,0.86,0.9,0.1937773833952637
054540,삼영엠텍,491,59.71,1.37,0.71,0.10463968410661402
161580,필옵틱스,2185,218.9,0.5,1.59,0.17012063099288585
023450,동남합성,1410,84.07,1.61,3.54,24.321389793702497
092230,KPX홀딩스,2150,32.75,5.56,0.27,10.225836584427714
068290,삼성출판사,2230,20.44,0.83,1.38,11.914893617021278
185750,종근당,10720,81.06,1.16,1.57,48.23539870210685
317400,자이에스앤디,2831,170.44,4.98,0.6,15.230194090234034
073560,우리손에프앤지,1330,82.2,2.79,0.49,0.10435875943000839
166090,하나머티리얼즈,8256,61.18,1.83,2.14,0.25208507089241033
137400,피엔티,11484,366.52,0.23,4.01,0.09899806967552165
038500,삼표시멘트,3841,111.32,2.68,0.53,0.08707323788546255
348350,위드텍,1273,34.69,0.89,1.03,0.20799457994579945
031430,신세계인터내셔날,6743,53.38,2.02,1.06,73.97356690388676
090460,비에이치,8374,74.28,1.11,1.26,0.1915020351434528
003920,남양유업,3636,22.27,0.2,0.57,16.63526543278289
037440,희림,1289,192.53,1.83,1.53,0.13209442491210446
009300,삼아제약,1031,12.5,2.4,0.58,0.2470472440944882
060980,HL홀딩스,3476,126.81,6.5,0.31,9.145137944646695
011780,금호석유,38108,36.54,4.29,0.72,18.483541253740622
002240,고려제강,4720,46.61,1.41,0.3,11.92751105495894
009180,한솔로지스틱스,795,167.79,2.48,0.76,28.67030965391621
006740,영풍제지,7641,49.18,6.33,1.92,8.345606283750612
082920,비츠로셀,3786,27.72,1.57,1.44,0.17537942664418213
010640,진양폴리,586,50.07,4.52,1.44,18.22125813449024
001820,삼화콘덴서,4423,27.51,1.67,1.38,20.139130434782608
058400,KNN,1240,7.46,2.25,0.57,0.11300448430493273
194370,제이에스코퍼레이션,1730,108.93,6.34,0.68,32.465342825028095
007070,GS리테일,27017,122.45,1.53,0.71,29.183108905252027
004560,현대비앤지스틸,2270,63.45,0.97,0.3,9.407787363021683
012200,계양전기,645,132.61,1.12,0.59,16.46505376344086
123040,엠에스오토텍,2772,233.88,1.19,1.0,0.17851121774088963
105840,우진,1802,28.59,1.79,1.08,16.424482606781154
336370,솔루스첨단소재,12885,59.14,0.33,2.5,3.1074606433949348
017390,서울가스,4675,77.72,0.41,1.94,10.281622401539037
036530,SNT홀딩스,2647,40.86,4.46,0.25,9.920262664165103
011170,롯데케미칼,75669,55.14,1.89,0.44,1.0576973335424087
007570,일양약품,3326,70.7,0.78,1.54,43.35608189482136
045660,에이텍,743,11.11,2.33,0.76,0.12854251012145748
014130,한익스프레스,763,287.21,2.47,0.61,7.722481000245159
072710,농심홀딩스,3265,28.95,3.76,0.29,7.623641206536607
017550,수산중공업,1406,88.91,0.38,1.04,24.493695070691633
002170,삼양통상,1486,9.69,2.84,0.37,5.398907103825136
024880,케이피에프,1171,215.5,2.75,0.52,0.14088314809252028
006400,삼성SDI,457284,75.74,0.17,2.47,13.949599272907543
091590,남화토건,1145,18.01,1.9,0.74,0.038480272771553824
224110,에이텍모빌리티,616,67.87,1.04,0.91,0.2621825669183253
010960,삼호개발,911,29.03,4.97,0.41,7.223796033994335
005990,매일홀딩스,1193,89.96,1.79,0.32,0.501926858041683
095720,웅진씽크빅,3447,116.7,4.58,0.75,59.11734951947395
091700,파트론,4848,36.83,3.7,0.93,0.21236872812135357
002700,신일전자,1523,86.69,0.54,1.59,27.79594506213211
000720,현대건설,43651,110.71,1.72,0.51,7.234227728974689
002690,동일제강,470,13.97,0.48,0.26,5.230940456316082
046890,서울반도체,6139,66.31,2.18,0.79,0.14869369718582837
344820,KCC글라스,6555,53.16,6.5,0.41,13.260318609703114
000080,하이트진로,15990,187.11,3.72,1.47,31.898362032759348
009200,무림페이퍼,1077,252.35,2.04,0.24,8.661644230373389
110790,크리스에프앤씨,2266,90.29,2.43,0.7,0.4703925482368596
013870,지엠비코리아,1073,105.66,1.8,0.33,15.668119099491648
048430,유라테크,982,21.22,1.32,0.74,0.0808362369337979
177830,파버나인,627,85.3,2.68,0.64,0.15568022440392706
001560,제일연마,1087,12.97,3.12,0.78,16.522574447646495
025000,KPX케미칼,2240,30.51,5.39,0.42,18.769309989701338
027710,팜스토리,2179,291.34,1.52,0.88,0.13729508196721313
300720,한일시멘트,8346,56.24,4.98,0.56,12.51625487646294
074600,원익QnC,6545,171.18,0.64,1.64,0.18519971749195638
126600,BGF에코머티리얼즈,3187,74.38,2.08,0.71,0.11445612042033514
101490,에스앤에스텍,10361,19.1,0.57,2.93,0.1490299823633157
000320,노루홀딩스,1346,77.35,5.02,0.34,17.977815699658702
012690,모나리자,1023,26.0,1.75,1.34,26.380368098159508
009290,광동제약,3155,70.37,1.68,0.55,30.257510729613735
026040,제이에스티나,490,27.16,4.06,0.76,0.8716216216216216
039420,케이엘넷,642,18.97,3.24,1.09,0.25
221980,케이디켐,550,26.85,3.26,0.54,0.10229132569558101
040910,아이씨디,2363,32.14,1.13,0.9,0.07901234567901234
005710,대원산업,1376,33.92,3.3,0.25,0.10763454317897372
032960,동일기연,555,6.87,0.26,0.76,0.16114457831325302
151860,KG ETS,4500,96.64,1.57,0.42,0.11200141401048724
110990,디아이티,1394,43.35,5.61,0.55,0.06711145996860282
065680,우주일렉트로,1151,29.87,2.21,0.53,0.16626835097302833
008420,문배철강,725,23.24,1.55,0.39,4.9299178347027555
042370,비츠로테크,2221,54.06,0.75,0.81,0.13402061855670103
006840,AK홀딩스,2649,290.25,1.16,0.41,14.20178646364127
262840,아이퀘스트,666,19.6,1.51,1.46,0.24620573355817876
059120,아진엑스텍,863,15.51,0.96,1.59,0.3055555555555556
101160,월덱스,3500,40.83,0.27,1.65,0.2669977081741788
086710,선진뷰티사이언스,976,102.75,0.3,1.25,0.14970501474926254
102460,이연제약,3345,95.63,0.69,1.58,16.85578708479472
100250,진양홀딩스,1794,48.3,6.61,0.49,5.593702897337129
192400,쿠쿠홀딩스,5871,18.78,4.86,0.58,24.062635928664637
002100,경농,1987,72.23,3.96,0.84,24.60989745876059
005740,크라운해태홀딩스,939,122.75,1.47,0.35,25.741029641185648
039010,현대에이치티,646,29.05,1.93,0.6,0.13287904599659284
143210,핸즈코퍼레이션,742,342.96,0.0,0.39,4.474843496406214
005490,POSCO홀딩스,307416,68.92,4.34,0.43,7.773141693460207
263020,디케이앤디,567,77.27,1.79,0.68,0.2560646900269542
192650,드림텍,6239,64.53,2.2,1.48,22.086261206687666
126700,하이비젼시스템,2954,38.65,0.66,1.23,0.2330316742081448
075180,새론오토모티브,926,11.41,2.77,0.42,3.786104605776737
108230,톱텍,3422,45.06,1.53,0.72,0.09117524048515266
103590,일진전기,2851,143.41,2.45,0.57,11.459201905896368
041830,인바디,3715,12.32,1.49,1.22,0.49896992171405025
023600,삼보판지,1600,27.61,1.71,0.33,0.1749365661122075
033530,세종공업,2398,186.35,1.82,0.37,12.284670262745781
012450,한화에어로스페이스,52148,286.29,1.36,1.3,8.901981223568841
163730,핑거,1096,35.08,0.94,2.13,0.22022838499184338
064960,SNT모티브,7355,39.41,3.81,0.66,13.994288045695635
288620,에스퓨얼셀,1409,117.47,0.25,1.98,0.0953625081645983
260660,알리코제약,985,73.4,1.98,1.1,0.6964169381107492
122310,제노레이,1101,20.73,2.07,1.2,0.332391713747646
098660,에스티오,330,101.95,4.55,0.96,0.7152317880794702
011280,태림포장,1954,77.68,1.75,0.58,17.72113022113022
086520,에코프로,144854,111.98,0.47,2.04,0.14871487897040667
241590,화승엔터프라이즈,4798,149.64,0.49,1.04,13.497763924651037
002390,한독,2085,128.12,2.39,0.61,19.951785099299734
010690,화신,5695,181.51,1.39,0.7,17.320326498108702
007660,이수페타시스,5774,145.59,1.78,1.6,30.01831501831502
267290,경동도시가스,1270,170.29,3.46,0.38,10.828025477707007
030000,제일기획,21639,125.26,4.99,1.77,55.913353202006256
419120,산돌,935,19.65,1.4,1.76,0.23099850968703428
002600,조흥,1221,181.32,3.21,0.79,7.883817427385892
006880,신송홀딩스,869,152.1,2.0,0.71,11.716171617161717
002380,KCC,19194,136.32,3.91,0.34,11.319129473644091
007210,벽산,1460,99.09,1.24,0.52,15.586573612495847
128940,한미약품,37937,90.7,0.16,4.12,37.33243271329108
009450,경동나비엔,5973,96.64,1.48,0.95,45.96267190569744
097950,CJ제일제당,47872,160.33,1.45,0.91,21.839723854837203
195870,해성디에스,7565,47.47,2.51,1.36,40.22134627046695
008370,원풍,535,8.91,4.03,0.67,0.15952890792291222
006580,대양제지,875,54.09,1.23,0.59,0.03095558546433378
019210,와이지-원,2017,176.89,4.7,0.65,0.21521947071952385
040300,YTN,2671,41.06,1.08,0.92,0.038322688142182725
000670,영풍,10241,33.35,1.65,0.28,3.743251758374632
051500,CJ프레시웨이,3341,267.46,1.09,1.23,0.34464875058934463
001420,태원물산,402,18.17,1.28,0.97,1.4326647564469914
028100,동아지질,1748,67.97,4.12,0.76,-5.345151759333871
002200,한국수출포장,1332,23.0,2.78,0.4,15.861070911722141
036690,코맥스,524,96.02,1.64,0.99,0.19811320754716982
211050,인카금융서비스,1146,297.68,4.45,0.94,0.26550188420692017
080470,성창오토텍,482,153.3,1.02,1.15,0.18966908797417273
010470,오리콤,2050,101.24,1.75,1.72,0.32649253731343286
348210,넥스틴,5964,21.63,1.0,4.74,0.6443894389438944
271560,오리온,56576,27.75,0.74,1.98,32.36053029628971
119500,포메탈,468,39.19,1.76,0.84,0.08643815201192251
000850,화천기공,836,37.29,8.16,0.2,8.924050632911392
025550,한국선재,1042,117.31,2.49,0.82,0.11730090231463319
124560,태웅로직스,1726,79.19,3.42,0.79,0.43606819392647844
161000,애경케미칼,9972,69.48,6.2,0.59,17.996920832995706
267260,HD현대일렉트릭,17086,192.96,1.18,1.83,13.811088295687885
042110,에스씨디,1070,39.97,1.91,0.74,0.15089820359281436
232680,라온테크,1224,64.77,0.57,3.88,0.3758099352051836
001770,SHD,360,71.59,0.31,0.75,19.932049830124576
031440,신세계푸드,1703,209.49,1.56,0.64,22.867573846664456
011040,경동제약,2298,20.56,5.08,0.85,0.30950080515297906
058430,포스코스틸리온,2721,61.59,2.72,0.56,13.976555455365194
092220,KEC,3141,31.67,3.07,0.95,12.590376464722015
080010,이상네트웍스,548,30.48,1.93,0.46,0.14929920780012187
085370,루트로닉,6558,35.24,1.63,3.14,0.7851239669421488
293480,하나제약,2575,28.9,2.79,1.16,37.91907514450867
049430,코메론,868,6.79,2.52,0.46,0.13577274915743862
053080,원방테크,1247,101.42,3.5,0.7,0.16339257873401933
066670,디스플레이텍,1385,9.79,1.12,0.49,0.04142692750287687
032750,삼진,471,24.34,1.16,0.53,0.1501736111111111
008470,부스타,427,22.26,1.03,0.51,0.10291060291060292
012790,신일제약,954,15.86,1.13,0.82,0.24929971988795518
317850,대모,1014,46.39,0.66,2.4,0.1910919540229885
321260,프로이천,690,12.02,0.92,1.88,0.31420765027322406
106190,하이텍팜,986,32.28,0.64,0.77,0.058245083207261725
107600,새빗켐,4190,41.88,0.39,5.87,0.19754464285714285
144960,뉴파워프라즈마,2158,138.16,1.41,0.65,0.13153323859150481
126880,제이엔케이히터,1543,111.62,1.95,1.05,0.08601252609603341
006120,SK디스커버리,6434,97.87,5.62,0.22,7.063607269887353
189300,인텔리안테크,6814,107.26,0.15,3.41,0.275377969762419
137080,나래나노텍,994,71.76,1.4,0.73,0.06634304207119741
100660,서암기계공업,704,17.95,0.6,1.15,0.10185185185185185
318410,비비씨,522,14.89,2.3,0.66,0.16487455197132617
033270,유나이티드제약,3646,23.69,1.76,1.02,34.769083512802105
067990,도이치모터스,1811,221.4,6.34,0.5,0.1537190082644628
353810,이지바이오,1415,198.82,1.86,2.75,0.2997465145754119
100220,비상교육,726,56.8,1.71,0.36,47.47736093143596
204020,그리티,580,29.49,1.0,0.87,0.9446327683615819
134380,미원화학,1414,11.42,3.64,1.06,24.20554428668019
003350,한국화장품제조,1108,74.98,0.35,2.66,18.016928657799276
037070,파세코,3038,40.33,1.54,2.43,0.32954545454545453
086900,메디톡스,18025,37.52,0.74,1.83,0.2119738386718095
022100,포스코DX,17818,105.7,1.2,2.3,0.15629403475810238
194700,노바렉스,1678,49.19,1.48,1.05,0.14929785661492978
290720,푸드나무,1095,121.28,0.49,2.63,0.6392823418319169
189980,흥국에프엔비,1127,126.57,1.5,1.1,0.1543942992874109
053620,태양,670,21.62,3.77,0.39,0.12642045454545456
051390,YW,389,27.71,4.55,0.43,0.07259713701431493
001230,동국제강,11098,96.29,4.48,0.33,18.12065972222222
225220,제놀루션,1128,20.86,0.0,0.84,0.23056768558951965
122450,KX,2289,158.85,3.21,0.66,0.15868501876919577
014280,금강공업,1530,144.26,1.94,0.49,10.074899525027401
018310,삼목에스폼,2252,40.66,0.6,0.53,0.18520278833967047
243840,신흥에스이씨,3477,113.2,0.8,1.22,0.10726801767484383
376290,씨유테크,760,42.69,1.57,0.71,0.09494109494109494
012860,모베이스전자,2094,247.6,0.82,0.48,0.15811234673510122
297890,HB솔루션,2325,50.03,1.23,1.37,0.282983682983683
206640,바디텍메드,2705,11.91,1.46,1.3,0.3622892181911088
285490,노바텍,3024,9.59,0.98,1.55,0.3090659340659341
085910,네오티스,631,85.76,5.42,1.03,0.15883977900552487
036670,KCI,1059,25.4,2.81,0.98,0.31600324939073926
065710,서호전기,964,12.94,8.43,0.99,0.25343811394891946
018120,진로발효,1128,22.78,2.15,1.87,0.08064516129032258
039830,오로라,834,244.99,1.49,0.65,0.22564655172413794
086670,비엠티,1282,123.67,1.34,1.28,0.16729718369062632
000150,두산,15433,155.54,2.41,0.9,10.784939617106334
073490,이노와이어리스,2113,41.68,1.03,1.75,0.28086253369272235
045060,오공,550,31.75,1.53,0.54,0.21052631578947367
051910,LG화학,485675,81.35,1.67,1.49,14.691690033512913
017960,한국카본,4901,44.82,1.18,1.18,9.584828293182984
005300,롯데칠성,13547,161.72,1.88,1.27,31.05874076679564
307280,원바이오젠,696,45.13,0.6,2.04,0.31876606683804626
005360,모나미,627,104.89,2.2,0.58,24.175824175824175
322000,HD현대에너지솔루션,4384,71.11,1.23,1.43,28.385416666666668
007540,샘표,1515,42.37,0.42,0.62,29.362524146812618
012620,원일특강,438,84.39,2.34,0.28,0.11228968544257498
004650,창해에탄올,949,44.21,4.65,0.68,0.0937980522808816
041520,이라이콤,676,17.2,5.94,0.31,0.056247316444826105
060720,KH바텍,4330,50.32,2.16,1.34,0.19054524361948955
170790,파이오링크,1016,30.56,2.48,1.12,0.31890179514255546
319400,현대무벡스,5587,41.96,0.99,2.26,0.17958067456700091
034120,SBS,6178,61.22,2.89,0.75,26.244761701825414
086450,동국제약,6789,44.68,1.08,1.49,0.4943381491604842
361390,제노코,1725,87.34,0.25,4.43,0.11690363349131122
003240,태광산업,7704,16.69,0.23,0.19,1.8126272912423624
053280,예스24,1270,111.1,4.05,0.67,0.3508771929824561
020150,롯데에너지머티리얼즈,27435,22.12,0.58,1.64,5.332674978397729
102370,케이옥션,1375,72.42,0.76,0.97,0.06801470588235294
034810,해성산업,3018,88.63,2.27,0.35,0.18072656577593108
083310,엘오티베큠,2858,53.02,0.88,0.89,0.3945010812480692
002790,아모레G,26180,17.1,0.59,0.94,41.134492223238794
084010,대한제강,3371,52.86,7.19,0.33,24.088488324457188
028670,팬오션,27957,68.03,2.62,0.68,11.920942124018069
092460,한라IMS,1321,84.07,1.73,1.02,0.16098378982671885
161390,한국타이어앤테크놀로지,43232,41.75,2.57,0.44,16.711176816570493
260930,씨티케이,1108,18.33,0.93,0.64,0.1225517627308338
091580,상신이디피,2773,99.69,0.77,1.63,0.2294478527607362
024060,흥구석유,832,17.29,2.64,1.05,0.08626198083067092
031510,오스템,436,96.46,1.41,0.41,0.09236518953550454
139480,이마트,24056,146.24,2.04,0.24,25.067089938165815
122990,와이솔,1916,17.2,3.73,0.54,0.08295964125560538
041910,에스텍파마,898,7.09,1.41,0.72,0.10136765888978279
004980,성신양회,2306,199.73,2.1,0.61,11.923206466823846
340570,티앤엘,3998,10.3,1.24,2.73,0.2923076923076923
013520,화승코퍼레이션,1143,369.76,3.57,0.42,21.185864763846414
004910,조광페인트,915,127.48,1.33,0.54,9.375809375809375
010130,고려아연,97528,31.05,3.55,1.24,9.662834045578158
042700,한미반도체,19808,16.75,1.74,2.87,40.62362758014932
032540,TJ미디어,1033,58.01,3.71,1.01,0.17729970326409494
039030,이오테크닉스,10483,14.24,1.5,1.5,0.24809222276343562
214390,경보제약,1709,67.39,0.5,1.66,18.503118503118504
137310,에스디바이오센서,20608,10.69,3.28,1.03,42.70517183236764
024090,디씨엠,1613,15.67,6.64,0.56,11.465798045602606
067080,대화제약,1856,143.67,1.6,2.01,0.23154193872425916
068270,셀트리온,243787,37.84,0.22,5.06,17.528047931836312
015230,대창단조,2031,39.53,2.47,0.94,23.802483737433473
001530,DI동일,5312,61.55,1.63,0.62,10.646805958212537
352700,씨앤투스,1299,10.88,5.91,0.71,0.3029810298102981
004250,NPC,2335,53.09,1.72,0.71,15.057841835767116
265740,엔에프씨,753,28.19,0.23,1.36,0.0994550408719346
013030,하이록코리아,2706,8.36,2.93,0.72,0.15464918669579994
051490,나라엠앤디,1083,144.33,1.17,0.91,0.12038999576091564
002990,금호건설,2328,211.25,7.14,0.47,8.171712393566697
057030,YBM넷,747,79.01,4.46,1.09,0.300794551645857
004830,덕성,741,50.07,0.9,0.97,15.495207667731629
096530,씨젠,12220,20.91,2.94,1.13,0.3567011791774518
083930,아바코,2715,64.94,2.34,1.09,0.17277298850574713
047400,유니온머티리얼,2095,143.57,1.42,1.23,7.7864838393731635
307950,현대오토에버,34142,75.76,1.19,1.77,11.445369168511874
051600,한전KPS,16582,28.48,3.93,1.23,14.443021766965428
356890,싸이버원,484,13.56,0.94,1.41,0.17484662576687116
163560,동일고무벨트,882,74.87,1.94,0.4,19.123819517313745
084110,휴온스글로벌,2504,58.18,2.67,0.49,0.29418389510095727
131970,두산테스나,5099,147.56,0.58,1.51,0.10508474576271186
081150,티플랙스,1004,49.74,0.8,0.57,0.12442202606137033
016920,카스,442,184.33,0.61,0.68,0.272883295194508
002140,고려산업,997,160.0,0.72,0.82,11.503458318165272
267980,매일유업,3753,96.2,2.27,0.77,0.49799938442597724
004800,효성,14138,81.8,6.71,0.54,7.125092552161449
032190,다우데이타,5844,817.26,0.97,1.04,0.03123013780478758
009580,무림P&P,2267,142.05,3.45,0.41,8.35982794090144
008830,대동기어,581,230.91,0.59,0.82,0.07238714924766165
052600,한네트,641,34.69,2.97,1.63,0.10580912863070539
225530,보광산업,2485,64.16,2.64,2.32,0.15684931506849314
011320,유니크,1174,116.58,0.32,0.79,0.12423124231242312
179290,엠아이텍,4554,12.57,1.08,4.26,0.34893617021276596
048830,엔피케이,349,65.26,1.69,0.76,0.10082872928176796
000860,강남제비스코,1654,41.09,2.41,0.22,6.817707245771559
010100,한국무브넥스,1251,165.36,2.59,0.28,14.123092319239431
277410,인산가,584,67.22,2.25,1.11,0.23401826484018265
036190,금화피에스시,1878,34.38,4.52,0.58,0.10175
023530,롯데쇼핑,23338,187.3,3.63,0.27,21.490934783431534
306200,세아제강,4163,76.73,4.63,0.44,22.660569244420177
011700,한신기계,1888,24.5,0.16,2.24,3.2843560933448575
054670,대한뉴팜,1322,64.49,1.17,1.16,0.5348288075560803
010420,한솔PNS,288,164.07,1.6,0.68,21.052631578947366
066970,엘앤에프,86263,135.27,0.29,4.86,0.11620754654585139
033830,티비씨,1045,5.88,1.35,0.89,0.09246309246309246
204610,티쓰리,1173,26.97,3.43,1.17,0.29066478076379065
004450,삼화왕관,763,86.1,3.26,0.62,8.931777378815081
357230,에이치피오,1671,12.84,1.07,1.0,0.6112938596491229
012320,경동인베스트,2707,30.2,0.76,0.51,6.492842535787322
170900,동아에스티,4746,67.76,1.13,0.78,27.243672799516283
043370,피에이치에이,1990,45.58,2.84,0.22,0.12827839575466884
000990,DB하이텍,26727,29.57,3.5,1.0,43.96287746737645
036010,아비코전자,1595,26.04,0.69,1.15,0.168135593220339
109860,동일금속,2866,15.36,2.19,1.05,0.11568848758465011
264660,씨앤지하이테크,1115,65.69,4.26,1.05,0.23400129282482224
264450,유비쿼스,1328,27.12,2.86,1.05,0.2654185022026432
256150,한독크린텍,668,10.59,3.45,1.06,0.16751269035532995
016800,퍼시스,3300,15.19,3.62,0.64,18.92437591776799
284740,쿠쿠홈시스,5676,27.99,2.38,0.94,56.10619469026549
081660,휠라홀딩스,21688,87.29,4.75,1.07,42.088016923140735
004990,롯데지주,29636,127.06,4.87,0.36,18.71578415721926
003670,포스코퓨처엠,232776,74.96,0.17,5.63,7.217250673854448
017810,풀무원,4090,274.87,0.91,1.11,34.17919187975795
089030,테크윙,2540,98.83,2.3,0.86,0.22424738890026624
241770,메카로,1128,13.54,4.21,0.56,0.09899175068744272
100120,뷰웍스,3340,37.78,2.32,1.28,0.37933425797503467
010240,흥국,735,27.77,3.93,0.73,0.1717687074829932
073110,엘엠에스,669,136.94,3.0,0.47,0.11921397379912664
225190,삼양옵틱스,1092,37.43,9.08,2.75,0.4760956175298805
029460,케이씨,2637,27.04,2.05,0.32,16.842524387816045
000020,동화약품,2363,21.78,1.94,0.71,39.25395792669703
003100,선광,1927,85.79,0.26,2.52,0.07563819728963127
306040,에스제이그룹,1456,53.65,3.05,1.24,0.7374045801526717
053270,구영테크,930,187.82,1.35,0.69,0.12494793835901707
267250,HD현대,45736,181.86,8.06,0.57,9.099463329007227
003200,일신방직,2875,30.11,4.85,0.28,5.489929463754568
007680,대원,918,48.55,4.27,0.27,0.0875046347793845
331380,포커스에이치엔에스,380,79.98,1.57,1.75,0.28191489361702127
041650,상신브레이크,779,175.11,3.31,0.32,18.119941133186167
109080,옵티시스,743,11.09,1.69,1.2,0.23943661971830985
000070,삼양홀딩스,6234,80.22,5.09,0.34,11.946435639210168
045300,성우테크론,415,32.29,1.01,0.56,0.08747300215982722
036800,나이스정보통신,2450,197.04,2.45,0.83,0.1325511490351983
228850,레이언스,1932,16.19,2.73,0.76,0.23893129770992366
084690,대상홀딩스,2654,158.2,3.49,0.39,29.873234876597017
017940,E1,3423,187.33,7.92,0.21,13.067723575362352
035250,강원랜드,39193,22.03,1.51,1.38,8.371323000143962
025530,SJM홀딩스,806,24.71,4.38,0.33,13.802559414990858
010060,OCI,28571,68.16,3.09,0.49,19.106070713809206
092070,디엔에프,1804,20.78,1.52,1.01,0.2010498687664042
032620,유비케어,3037,31.07,1.19,2.13,0.41877702285361335
001340,백광산업,2969,92.64,1.39,0.92,17.063492063492063
251630,브이원텍,1514,80.38,1.6,0.94,0.07810718358038768
067570,엔브이에이치코리아,1498,256.86,3.59,0.66,0.13865940668419077
101330,모베이스,1023,143.61,2.43,0.23,0.16829587826262218
007770,한일화학,858,32.13,0.62,0.48,0.11132315521628498
011370,서한,1107,164.38,4.42,0.29,0.08847108226760832
136540,윈스,1739,16.52,3.94,0.94,0.2456225680933852
064480,브리지텍,1092,35.12,3.73,0.91,0.12875536480686695
012700,리드코프,2033,183.52,10.85,0.45,0.09891654949962782
126640,화신정공,689,58.76,2.73,0.51,0.10346964064436183
011500,한농화성,2691,47.73,1.2,1.02,7.187222715173027
006060,화승인더,2146,169.76,4.88,0.57,15.605507164933972
003780,진양산업,903,61.47,3.21,1.58,16.807738814993954
126340,비나텍,3522,118.65,0.0,3.52,0.16729182295573894
089150,케이씨티,632,54.25,1.86,1.59,0.07276119402985075
145720,덴티움,16249,80.77,0.3,2.82,38.645123035873105
078150,HB테크놀러지,1824,49.93,1.04,0.71,0.11254851228978008
250000,보라티알,752,35.45,2.8,0.92,0.2541062801932367
026940,부국철강,745,21.91,2.34,0.51,6.901041666666667
270870,뉴트리,800,48.48,2.27,0.99,1.032719836400818
093920,서원인텍,1182,20.92,6.97,0.54,0.15516520284399832
108320,LX세미콘,16914,35.7,6.28,1.23,52.38833746898263
121600,나노신소재,14471,7.47,0.32,4.7,0.1599625818521983
011760,현대코퍼레이션,2460,319.45,3.7,0.47,8.665974990443948
047810,한국항공우주,50687,434.84,0.49,3.47,4.809325304925119
138070,신진에스엠,462,44.29,3.77,0.59,0.15495495495495495
004590,한국가구,658,25.72,4.12,0.37,0.16548797736916548
294870,HDC현대산업개발,8225,152.81,6.0,0.23,4.314163815547347
056360,코위버,675,28.24,0.72,0.51,0.12255772646536411
014820,동원시스템즈,11857,98.96,1.48,1.63,11.21443824481642
003010,혜인,784,122.61,0.99,0.66,11.80873180873181
013700,까뮤이앤씨,740,146.99,0.94,1.22,-1.8414322250639386
000970,한국주철관,1639,21.09,5.9,0.45,15.779557230334431
049830,승일,672,21.52,0.72,0.49,0.05429864253393665
351320,에스에이티이엔지,918,72.14,0.58,2.23,0.11045364891518737
064290,인텍플러스,2340,72.98,1.45,2.48,0.4440619621342513
067730,로지시스,370,41.13,1.55,2.19,0.0912863070539419
004080,신흥,1358,31.59,1.69,1.29,24.751066856330013
094940,푸른기술,744,30.24,0.33,1.46,0.1223529411764706
004430,송원산업,3972,78.33,2.91,0.6,24.776143925080095
243070,휴온스,3765,64.38,2.06,1.2,0.5670757511637748
048470,대동스틸,417,33.57,0.75,0.56,0.014659685863874346
011210,현대위아,16371,102.12,1.42,0.39,7.778440336579871
012510,더존비즈온,9859,89.94,0.33,2.28,14.39548565253932
064800,젬백스링크,1043,21.44,0.75,0.65,0.11807580174927114
129260,인터지스,751,70.24,4.29,0.32,13.642659279778394
004710,한솔테크닉스,2144,143.6,1.96,0.49,17.081817333706503
039020,이건홀딩스,713,128.7,1.55,0.44,0.12308564946114578
000880,한화,20688,911.43,2.92,0.48,2.8002801463996976
000220,유유제약,1035,58.22,1.69,1.0,27.30532786885246
183190,아세아시멘트,4032,108.44,2.43,0.37,11.568627450980392
017800,현대엘리베이,17183,158.36,1.77,0.97,10.46276331066512
268280,미원에스씨,6946,25.57,1.49,2.0,27.727559386167755
101240,씨큐브,722,33.19,2.66,0.94,0.2025462962962963
023000,삼원강재,1372,27.26,3.93,0.46,10.146407899216888
003960,사조대림,2671,93.47,1.29,0.46,22.297355131387487
037760,쎄니트,558,99.05,3.11,0.58,0.15587044534412955
282880,코윈테크,2990,84.15,0.42,1.74,0.09802210587550901
008250,이건산업,817,120.8,1.4,0.39,13.52755194218609
372170,윤성에프앤씨,12431,101.5,0.34,2.57,0.19020172910662825
060850,영림원소프트랩,713,40.32,1.55,1.64,0.4381107491856677
001680,대상,6648,141.2,3.65,0.61,30.415021001818065
095610,테스,4072,9.73,3.18,0.85,0.24635958395245172
282330,BGF리테일,31041,206.06,1.95,3.77,47.050437852148534
097520,엠씨넥스,5564,74.36,1.79,1.59,13.84301354611245
036570,엔씨소프트,83315,38.74,1.49,2.58,57.84207679826934
105630,한세실업,7064,130.73,3.25,1.11,27.138476436410585
005500,삼진제약,3134,47.38,3.12,1.23,28.947368421052634
267850,아시아나IDT,1562,28.53,3.14,1.1,9.43579766536965
108670,LX하우시스,3712,218.45,0.64,0.4,30.603535048516328
264900,크라운제과,1089,71.72,2.94,0.57,39.33979406420352
171120,라이온켐텍,1288,23.9,2.85,0.99,0.20421607378129117
090350,노루페인트,1748,89.46,3.55,0.45,20.69739598922478
003070,코오롱글로벌,2650,403.03,2.23,0.83,11.608623548922056
214320,이노션,8050,162.04,5.22,0.97,33.409021440111786
012610,경인양행,1976,105.99,1.22,0.7,18.93124202079154
039240,경남스틸,841,62.4,4.46,0.76,0.13146936347412255
311320,지오엘리먼트,1173,8.66,0.51,2.54,0.2278719397363465
000950,전방,583,44.68,2.25,0.32,-9.547244094488189
053260,금강철강,1218,28.22,1.9,0.88,0.0900562851782364
033920,무학,1658,26.05,4.66,0.28,11.04507181773155
122870,와이지엔터테인먼트,14577,35.45,0.57,1.97,0.17954832374807125
029530,신도리코,3492,8.89,4.64,0.33,8.541165142031778
052330,코텍,1356,38.05,2.75,0.42,0.16451134195463218
079960,동양이엔피,1265,38.56,2.0,0.42,0.17767417767417767
053050,지에스이,1195,130.95,1.05,1.29,0.13678553981436248
214370,케어젠,22076,8.38,1.97,5.2,0.2234087996582657
018260,삼성에스디에스,90299,41.17,2.6,1.16,15.901408922057495
128660,피제이메탈,999,85.23,4.1,1.34,0.1220159151193634
053610,프로텍,2761,14.11,2.36,0.77,0.2256115107913669
069730,DSR제강,751,41.67,1.26,0.38,16.61526599845798
000140,하이트진로홀딩스,2239,238.51,5.14,0.35,27.100126742712295
065510,휴비츠,2147,61.92,1.95,1.07,0.2799097065462754
036560,영풍정밀,1901,21.04,3.36,0.55,0.06186317321688501
066570,LG전자,182958,145.23,0.81,0.82,36.688960967145974
363280,티와이홀딩스,5597,47.63,1.44,0.34,4.51598773543583
000500,가온전선,1091,148.24,0.26,0.41,11.7772165359564
143160,아이디스,2400,28.85,1.58,1.19,0.28683812405446296
375500,DL이앤씨,13678,91.26,2.96,0.33,10.3769485330986
003230,삼양식품,8565,103.39,1.1,2.08,27.159692939777276
060250,NHN KCP,4381,135.8,1.49,2.25,0.19329346433148228
068790,DMS,1459,29.1,2.09,0.48,0.2594417077175698
000270,기아,362394,87.35,5.9,0.61,24.450896067072758
003080,성보화학,662,24.3,4.12,0.47,10.480093676814988
004960,한신공영,904,223.28,3.53,0.13,5.363071422490849
010040,한국내화,1583,47.95,1.6,0.47,11.56441717791411
002620,제일파마홀딩스,2124,106.22,0.32,0.72,20.850179045858845
144510,지씨셀,6952,23.96,0.74,1.21,0.14323725055432374
037710,광주신세계,2637,15.64,6.88,0.32,18.544061302681992
200780,비씨월드제약,586,136.13,1.18,0.93,0.14964500273074824
417970,모델솔루션,1292,42.92,1.7,1.8,0.232662192393736
017040,광명전기,1178,44.85,0.48,0.8,6.620209059233449
014580,태경비케이,2032,36.34,2.5,0.81,20.29346622369878
004890,동일산업,5311,19.68,1.62,1.04,8.770524629555467
099190,아이센스,4127,47.52,1.06,1.58,0.23443060498220641
204320,HL만도,21717,157.1,1.24,0.88,17.21064696021075
214150,클래시스,15449,44.37,0.63,5.07,0.3264936632468316
032560,황금에스티,1417,29.05,2.87,0.36,15.02386387217265
060540,에스에이티,678,63.78,2.43,0.54,0.17664493183165383
099320,쎄트렉아이,3307,113.58,0.27,2.25,0.0258887171561051
078890,가온그룹,1216,129.76,1.27,0.65,0.21360796112011107
327260,RF머트리얼즈,983,81.53,0.83,2.29,0.12825860271115747
014910,성문전자,440,78.47,0.32,0.94,15.55944055944056
280360,롯데웰푸드,9811,94.41,1.88,0.56,22.220056999488467
100700,세운메디칼,1204,5.96,2.05,1.03,0.16754716981132076
286940,롯데정보통신,4164,92.08,2.98,0.83,10.746645257483657
005180,빙그레,4418,33.61,3.82,0.65,43.637072663460295
025540,한국단자,6894,48.2,1.35,0.62,11.335090711738253
000590,CS홀딩스,673,10.2,0.87,0.24,9.228234001647898
000120,CJ대한통운,18820,140.27,0.53,0.55,12.235255279419805
083500,에프엔에스테크,742,44.35,1.44,0.88,0.1266233766233766
014940,오리엔탈정공,1608,120.34,2.18,1.21,0.09416800428036383
383800,LX홀딩스,6422,1.49,3.66,0.41,12.159021406727827
192440,슈피겐코리아,2001,11.55,1.69,0.48,0.6409282700421941
115450,HLB테라퓨틱스,3431,46.46,0.0,3.16,0.04957356076759062
366030,공구우먼,1829,6.58,1.51,4.47,0.41930379746835444
057050,현대홈쇼핑,6036,42.03,4.82,0.32,33.06613946800863
